"","Study","ev_times_name","par","method","correlation","n_unblind","n_rej_GSD","p_unblind","p_blind"
"1","Study 1","evProb",0.05,"H1",0.190693998753054,9981,2616,0.261797415088668,0.842105263157895
"2","Study 1","evProb",0.05,"H2",0.190693998753054,9993,2616,0.261583108175723,0.714285714285714
"3","Study 1","evProb",0.05,"H3",0.190693998753054,10000,2616,0.2616,0
"4","Study 1","evProb",0.2,"H1",0.154642148033991,666,3355,0.33033033033033,0.664131133490465
"5","Study 1","evProb",0.2,"H2",0.154642148033991,1351,3355,0.335307179866765,0.664469880911088
"6","Study 1","evProb",0.2,"H3",0.154642148033991,2566,3355,0.327357755261107,0.661689534570891
"7","Study 1","evProb",0.6,"H1",0.100575876975422,10000,7652,0.7652,0
"8","Study 1","evProb",0.6,"H2",0.100575876975422,10000,7652,0.7652,0
"9","Study 1","evProb",0.6,"H3",0.100575876975422,10000,7652,0.7652,0
"10","Study 1","HR",0.2,"H1",0.374669847822511,1677,7601,0.58974358974359,0.205574912891986
"11","Study 1","HR",0.2,"H2",0.374669847822511,2514,7601,0.596260938743039,0.184878439754208
"12","Study 1","HR",0.2,"H3",0.374669847822511,4460,7601,0.67219730941704,0.16913357400722
"13","Study 1","HR",0.47,"H1",0.154461308168556,666,3353,0.328828828828829,0.664238268695093
"14","Study 1","HR",0.47,"H2",0.154461308168556,1349,3353,0.33358042994811,0.664431857588718
"15","Study 1","HR",0.47,"H3",0.154461308168556,2566,3353,0.326578332034295,0.661689534570891
"16","Study 1","HR",1.1,"H1",-0.027533246600057,4339,6058,0.610048398248444,0.397456279809221
"17","Study 1","HR",1.1,"H2",-0.027533246600057,5849,6058,0.608138143272354,0.397494579619369
"18","Study 1","HR",1.1,"H3",-0.027533246600057,6646,6058,0.60637977730966,0.395348837209302
"19","Study 2","evProb",0.1,"H1",0.150493280627009,10000,2862,0.2862,0
"20","Study 2","evProb",0.1,"H2",0.150493280627009,10000,2862,0.2862,0
"21","Study 2","evProb",0.1,"H3",0.150493280627009,10000,2862,0.2862,0
"22","Study 2","evProb",0.6,"H1",0.0774058419647023,493,4211,0.452332657200811,0.580519617124224
"23","Study 2","evProb",0.6,"H2",0.0774058419647023,2029,4211,0.415475603745688,0.577468322669678
"24","Study 2","evProb",0.6,"H3",0.0774058419647023,1353,4211,0.426459719142646,0.579738637677807
"25","Study 2","evProb",0.8,"H1",0.0667347036183822,5839,5459,0.56722041445453,0.484018264840183
"26","Study 2","evProb",0.8,"H2",0.0667347036183822,8171,5459,0.555868314771754,0.498633132859486
"27","Study 2","evProb",0.8,"H3",0.0667347036183822,7350,5459,0.559047619047619,0.490566037735849
"28","Study 2","HR",0.2,"H1",0.279741725331501,3192,9859,0.976190476190476,0.00954759106933023
"29","Study 2","HR",0.2,"H2",0.279741725331501,6192,9859,0.981589147286822,0.00709033613445376
"30","Study 2","HR",0.2,"H3",0.279741725331501,5421,9859,0.979893008669987,0.00698842542039746
"31","Study 2","HR",0.56,"H1",0.0775803657218752,492,4205,0.451219512195122,0.581089608750526
"32","Study 2","HR",0.56,"H2",0.0775803657218752,2026,4205,0.41609081934847,0.578379734135942
"33","Study 2","HR",0.56,"H3",0.0775803657218752,1354,4205,0.426144756277696,0.580383992597733
"34","Study 2","HR",1.1,"H1",-0.0101081214457439,3027,6419,0.642880740006607,0.358525742148286
"35","Study 2","HR",1.1,"H2",-0.0101081214457439,5797,6419,0.637743660514059,0.352367356650012
"36","Study 2","HR",1.1,"H3",-0.0101081214457439,4631,6419,0.635931764197797,0.35295213261315
