t_cal_ev,t_cal_cens,t_acc,t,status,group,pat_id,sim_idx
17.5683259721895,148,0.00654752366244793,17.561778448527,1,I,1,1
31.298502919648,82.6345422798392,0.115944165736437,31.1825587539115,1,C,2,1
10.9571064494657,148,0.224648648872972,10.7324578005927,1,I,3,1
11.4313956675081,148,0.375920278020203,11.0554753894879,1,C,4,1
25.6452476031135,148,0.437949947081506,25.2072976560319,1,I,5,1
14.4649578259063,148,0.870034587569535,13.5949232383368,1,C,6,1
9.58736093193586,148,0.875591230578721,8.71176970135714,1,I,7,1
3.73454795923855,148,0.901666074059904,2.83288188517864,1,C,8,1
5.07678002714335,148,1.12418138887733,3.95259863826602,1,I,9,1
1.27990876070799,148,1.13525660708547,0.144652153622527,1,C,10,1
32.3793327819165,148,1.80617270525545,30.573160076661,1,I,11,1
7.48388151190446,148,1.82560423854738,5.65827727335708,1,C,12,1
3.95767409083407,99.0509679563979,1.85477249324322,2.10290159759086,1,I,13,1
10.8888213805832,148,2.04455726779997,8.84426411278318,1,C,14,1
13.8184979284816,148,2.16988383326679,11.6486140952148,1,I,15,1
12.4883878236644,148,2.17132496181875,10.3170628618456,1,C,16,1
21.8072823473573,15.0847706405388,2.70758206024766,12.3771885802911,0,I,17,1
17.6494602654101,148,2.7726378524676,14.8768224129425,1,C,18,1
7.66486508969226,148,2.77744554914534,4.88741954054692,1,I,19,1
3.10005228637486,148,2.90579344145954,0.194258844915324,1,C,20,1
9.0289015264871,148,3.05321412160993,5.97568740487717,1,I,21,1
3.88530268482057,148,3.12838514801115,0.756917536809423,1,C,22,1
94.2475021318325,148,3.33132818341255,90.91617394842,1,I,23,1
11.2859838792789,148,3.39239614550024,7.89358773377864,1,C,24,1
64.2699655877018,148,3.67228679824621,60.5976787894556,1,I,25,1
3.91009284902132,148,3.81169272586703,0.0984001231542852,1,C,26,1
17.4684886011747,44.2838377552438,3.83360057603568,13.6348880251391,1,I,27,1
47.2483132886616,148,4.18793552089483,43.0603777677668,1,C,28,1
113.026140883678,148,4.8384748166427,108.187666067035,1,I,29,1
27.9367744885994,148,5.05720207002014,22.8795724185793,1,C,30,1
28.8341406519738,148,5.23365586996079,23.6004847820131,1,I,31,1
6.27931140413195,148,5.35134931560606,0.927962088525887,1,C,32,1
14.9103685149043,148,5.36063604522497,9.54973246967935,1,I,33,1
7.75677259750222,148,5.38699454627931,2.36977805122291,1,C,34,1
14.7705930990454,148,5.4354049032554,9.33518819579003,1,I,35,1
7.27938039490613,148,5.67322121933103,1.6061591755751,1,C,36,1
22.0925880033032,148,5.74648939073086,16.3460986125723,1,I,37,1
14.7197052521369,148,6.00993852131069,8.70976673082624,1,C,38,1
10.8844115714878,148,6.1655450379476,4.71886653354025,1,I,39,1
43.5605797707571,148,6.31965417414904,37.240925596608,1,C,40,1
74.7161910844068,148,6.32996365893632,68.3862274254704,1,I,41,1
43.8713470131919,148,6.34502794127911,37.5263190719128,1,C,42,1
6.48039902299755,148,6.41904654912651,0.0613524738710422,1,I,43,1
11.4826733943314,148,6.84479270130396,4.63788069302741,1,C,44,1
10.2468099672434,148,6.92366987932473,3.32314008791862,1,I,45,1
16.7812547548477,148,7.1698633953929,9.61139135945482,1,C,46,1
52.1335674112811,11.2003257019103,7.65534406527877,3.54498163663153,0,I,47,1
23.6283204592047,148,8.41643421445042,15.2118862447542,1,C,48,1
45.3551698466989,148,8.4306571399793,36.9245127067196,1,I,49,1
42.4204058458713,148,8.67610485292971,33.7443009929416,1,C,50,1
47.3879108985853,148,8.70718606747687,38.6807248311084,1,I,51,1
9.95530174003961,148,8.76362782437354,1.19167391566607,1,C,52,1
17.3267080739447,136.017159077235,9.04186128173023,8.28484679221448,1,I,53,1
15.2811573452033,148,9.07139454502612,6.20976280017715,1,C,54,1
26.7871530420047,148,9.12654614076018,17.6606069012445,1,I,55,1
32.2841164354205,148,9.18592177331448,23.0981946621061,1,C,56,1
11.6534695289023,148,9.31407606694847,2.33939346195385,1,I,57,1
26.2523102906503,148,9.31479134596884,16.9375189446815,1,C,58,1
154.275646974274,61.4373148515849,9.43076519761235,52.0065496539726,0,I,59,1
29.2380384416002,148,9.56993361469358,19.6681048269066,1,C,60,1
19.5865443947904,148,9.58450208418071,10.0020423106097,1,I,61,1
10.320134720706,148,9.64073820505291,0.679396515653117,1,C,62,1
12.9380261864037,148,9.70168344210833,3.23634274429533,1,I,63,1
10.3274321797686,16.9281177954811,9.71928446087986,0.608147718888738,1,C,64,1
50.0405904464577,148,9.75373289547861,40.2868575509791,1,I,65,1
14.138770110344,148,9.86226184759289,4.27650826275108,1,C,66,1
13.8057636919666,148,9.88255883567035,3.92320485629622,1,I,67,1
39.1264511392136,148,9.93925218936056,29.1871989498531,1,C,68,1
39.4555264055206,148,9.96564214583486,29.4898842596857,1,I,69,1
15.6799177191045,148,10.1189684821293,5.56094923697523,1,C,70,1
16.4697410102526,148,10.369623452425,6.10011755782763,1,I,71,1
14.5015385850785,148,10.5169942369685,3.98454434811009,1,C,72,1
28.4026076611584,104.875528599459,10.591865866445,17.8107417947134,1,I,73,1
12.7428034787852,148,10.747245978564,1.99555750022121,1,C,74,1
73.6578941132574,148,10.8045575674623,62.8533365457951,1,I,75,1
13.5281740528894,148,10.8087250962853,2.71944895660406,1,C,76,1
11.3355317228514,148,10.8214678009972,0.514063921854165,1,I,77,1
15.0781453821083,148,10.822259192355,4.25588618975328,1,C,78,1
46.6112992334648,148,10.9104145085439,35.7008847249209,1,I,79,1
20.4155321195589,148,11.0561937093735,9.35933841018541,1,C,80,1
22.2431340482466,148,11.1696444451809,11.0734896030657,1,I,81,1
21.1887984044131,117.327917875122,11.9374010246247,9.25139737978835,1,C,82,1
43.4242211298957,148,12.2246718965471,31.1995492333486,1,I,83,1
17.6742641559177,148,12.3309916350991,5.34327252081866,1,C,84,1
13.4268755298017,148,12.7525978954509,0.674277634350761,1,I,85,1
12.9430250764768,148,12.75924006477,0.183785011706795,1,C,86,1
35.5817147481273,148,12.9368284484372,22.6448862996901,1,I,87,1
33.2496505443595,148,12.9474095301703,20.3022410141893,1,C,88,1
86.1732526605693,148,13.2275773910806,72.9456752694888,1,I,89,1
18.3556007389374,148,13.3840764174238,4.97152432151362,1,C,90,1
36.2673115013567,148,13.8006979133934,22.4666135879633,1,I,91,1
55.5485738961281,148,13.9839356066659,41.5646382894622,1,C,92,1
17.9460604797976,148,14.1563634620979,3.78969701769961,1,I,93,1
15.9707698619475,148,14.19012544211,1.78064441983746,1,C,94,1
16.1512634257448,148,14.2958654789254,1.85539794681937,1,I,95,1
19.1022326400734,148,14.3262273166329,4.77600532344054,1,C,96,1
22.7389289344116,148,14.3835530849174,8.35537584949424,1,I,97,1
21.9531443046689,148,14.85252128914,7.10062301552887,1,C,98,1
54.347153704315,103.630825159698,14.8676346987486,39.4795190055664,1,I,99,1
21.3276267412076,148,14.9236471392214,6.40397960198621,1,C,100,1
41.7327883763587,148,15.0544966338202,26.6782917425384,1,I,101,1
37.1981708654566,148,15.3315956704319,21.8665751950247,1,C,102,1
23.3490957229092,105.824446558341,15.453052171506,7.89604355140317,1,I,103,1
27.106878818095,148,15.8754158299416,11.2314629881534,1,C,104,1
29.0837058779205,148,16.1049312679097,12.9787746100108,1,I,105,1
30.6767580342198,148,16.4484191453084,14.2283388889114,1,C,106,1
61.3336384585356,148,16.6891563450918,44.6444821134439,1,I,107,1
36.8234903088504,148,16.731539927423,20.0919503814274,1,C,108,1
19.7805722977828,148,17.1732740476727,2.60729825011003,1,I,109,1
19.5761545021093,148,17.3209146363661,2.25523986574323,1,C,110,1
49.0400270028485,148,17.6223191898316,31.4177078130169,1,I,111,1
28.4052257379237,148,17.7756204502657,10.629605287658,1,C,112,1
57.7533135586202,148,18.3079898357391,39.445323722881,1,I,113,1
23.0041916385515,148,18.4321651933715,4.57202644518006,1,C,114,1
42.9114318387148,148,18.5190482065082,24.3923836322067,1,I,115,1
54.8719157467826,77.1379650198692,18.5919015202671,36.2800142265154,1,C,116,1
94.8141457327174,148,18.6185597442091,76.1955859885083,1,I,117,1
24.0466856064822,148,18.7211237149313,5.32556189155085,1,C,118,1
34.6326488544685,101.169487209369,19.0001559210941,15.6324929333744,1,I,119,1
22.5258233789292,148,19.0006512217224,3.52517215720681,1,C,120,1
38.715836983278,148,19.2324683070183,19.4833686762598,1,I,121,1
32.9712390219208,148,19.3053401308134,13.6658988911074,1,C,122,1
40.7796690331068,148,19.315027911216,21.4646411218908,1,I,123,1
23.8336128158628,148,19.8142853565514,4.0193274593114,1,C,124,1
72.5867352810599,148,19.9915252393112,52.5952100417487,1,I,125,1
30.6874906348252,148,20.038172765635,10.6493178691902,1,C,126,1
27.5901240469061,148,20.238461624831,7.35166242207518,1,I,127,1
28.8353367939019,148,20.3622517874464,8.47308500645541,1,C,128,1
30.5356960016404,148,20.4549656948075,10.0807303068329,1,I,129,1
21.4078319906778,77.468472809758,20.579150156118,0.828681834559803,1,C,130,1
46.5127178530764,148,20.598362502642,25.9143553504345,1,I,131,1
42.1644144838628,32.5100080689873,20.6000122707337,11.9099957982536,0,C,132,1
40.994255397734,62.2565119012247,20.6587569788098,20.3354984189242,1,I,133,1
23.0547028675305,148,20.7822280237451,2.27247484378536,1,C,134,1
32.1884159360376,148,20.7901149056852,11.3983010303524,1,I,135,1
32.1438517303456,148,20.8059018943459,11.3379498359998,1,C,136,1
37.2105902570348,148,21.1856137262657,16.0249765307691,1,I,137,1
30.2439444986342,148,21.196475555189,9.04746894344522,1,C,138,1
127.629309685947,148,21.5976015664637,106.031708119484,1,I,139,1
55.2960404085617,148,21.9215566525236,33.3744837560381,1,C,140,1
26.6154682517488,148,22.2898591076955,4.3256091440533,1,I,141,1
32.0312180640639,148,22.3212158074602,9.71000225660361,1,C,142,1
29.7833634366911,107.330041581351,22.5249180104584,7.25844542623275,1,I,143,1
24.348767687148,148,22.5663245422766,1.78244314487142,1,C,144,1
53.4625720342617,59.316168364566,22.7189487079158,30.7436233263459,1,I,145,1
26.0602982216884,148,22.8530789958313,3.20721922585712,1,C,146,1
68.5375216069095,148,23.1175031745806,45.4200184323289,1,I,147,1
23.5796746994154,148,23.3489107806236,0.230763918791876,1,C,148,1
23.620007487096,148,23.5465679550543,0.0734395320416606,1,I,149,1
27.1699165303737,148,23.7568133277819,3.41310320259183,1,C,150,1
29.0177707016498,148,23.8327119266614,5.18505877498836,1,I,151,1
60.8217802066045,148,23.9367623114958,36.8850178951087,1,C,152,1
36.5648641572824,148,24.0506569389254,12.514207218357,1,I,153,1
29.1687041085484,148,24.103996809572,5.06470729897637,1,C,154,1
68.3693882885239,43.248897251338,24.1480869939551,19.1008102573829,0,I,155,1
36.3689196384701,148,24.2609179345891,12.108001703881,1,C,156,1
26.884471741947,148,24.303409550339,2.58106219160804,1,I,157,1
27.8470972577593,148,24.3761945981532,3.47090265960604,1,C,158,1
37.1248673261489,148,24.4385836878791,12.6862836382698,1,I,159,1
28.2192055896435,148,24.4754233630374,3.74378222660607,1,C,160,1
116.969472743558,148,24.8203777708113,92.1490949727464,1,I,161,1
27.3998185014426,148,25.0223668059334,2.37745169550916,1,C,162,1
54.7266270494139,148,25.1976371509954,29.5289898984185,1,I,163,1
25.6642763646092,148,25.3612086642534,0.303067700355846,1,C,164,1
39.5210411493162,148,25.4327456932515,14.0882954560647,1,I,165,1
34.7386316454254,148,25.5212558200583,9.21737582536714,1,C,166,1
40.317734306685,66.0803381898327,25.618477514945,14.69925679174,1,I,167,1
28.0772162043918,148,25.883825076744,2.19339112764784,1,C,168,1
43.5227225550933,148,25.9131032973528,17.6096192577405,1,I,169,1
36.0600784250459,148,26.1392068583518,9.92087156669407,1,C,170,1
59.3439225259124,148,26.4694364741445,32.874486051768,1,I,171,1
34.2148924726999,148,26.7752463463694,7.43964612633053,1,C,172,1
79.7331228881875,148,26.8665765412152,52.8665463469723,1,I,173,1
66.2791784762293,148,26.9151468994096,39.3640315768197,1,C,174,1
54.3121033624963,148,27.1831513382494,27.1289520242468,1,I,175,1
43.4244441073803,148,27.264182176441,16.1602619309394,1,C,176,1
75.4601590983811,148,27.3142348276451,48.145924270736,1,I,177,1
38.6200916177918,148,27.3582575842738,11.261834033518,1,C,178,1
41.9992677589068,148,27.360501838848,14.6387659200588,1,I,179,1
35.7197986728029,148,27.7309378841892,7.98886078861368,1,C,180,1
36.5604108711278,148,27.8175333281979,8.74287754292993,1,I,181,1
49.282146669491,148,28.1725192209706,21.1096274485204,1,C,182,1
59.6764353055671,148,28.3176140161231,31.358821289444,1,I,183,1
29.3527166697386,148,28.4492769278586,0.903439741880017,1,C,184,1
70.3064905976857,148,28.4704117104411,41.8360788872446,1,I,185,1
39.603005612376,30.9224015642229,28.5694538848475,2.35294767937541,0,C,186,1
81.1827543224075,148,28.6232396727428,52.5595146496647,1,I,187,1
54.1784982673082,148,28.6439835792407,25.5345146880674,1,C,188,1
32.2742614550875,148,28.8401177618653,3.43414369322223,1,I,189,1
50.4083851262519,148,28.8627346046269,21.545650521625,1,C,190,1
68.5707855355473,148,28.9507372537628,39.6200482817845,1,I,191,1
49.599626822534,148,29.0392254013568,20.5604014211772,1,C,192,1
36.9143761811738,148,29.1739634005353,7.74041278063851,1,I,193,1
40.2504038548562,148,29.1815156349912,11.068888219865,1,C,194,1
33.1637883476742,111.733761971305,29.3518861290067,3.81190221866747,1,I,195,1
41.5270152961753,148,29.3643066193908,12.1627086767845,1,C,196,1
52.0724212182124,148,29.6566192060709,22.4158020121415,1,I,197,1
37.1322985530176,148,29.7439993126318,7.38829924038585,1,C,198,1
34.7114221626999,148,29.9637117655948,4.74771039710514,1,I,199,1
34.9388422315809,148,30.1729193190113,4.76592291256964,1,C,200,1
60.1847714738216,148,30.6130554759875,29.5717159978341,1,I,201,1
35.2691459841137,148,30.7093237759545,4.55982220815913,1,C,202,1
34.5455105789382,148,30.9093703050166,3.63614027392153,1,I,203,1
34.4027383784919,65.9326121278766,31.3340769382194,3.06866144027253,1,C,204,1
33.5662191414502,148,31.4470659941435,2.11915314730673,1,I,205,1
67.8679151079871,148,31.6317575750873,36.2361575328998,1,C,206,1
57.630760388568,148,31.7571786930785,25.8735816954895,1,I,207,1
38.9909046392993,148,31.9590060738847,7.03189856541464,1,C,208,1
84.1894918612926,57.8476976031146,32.0227618794888,25.8249357236257,0,I,209,1
36.9515519628034,148,32.1463353466243,4.80521661617911,1,C,210,1
44.2904262211498,148,32.1525851264596,12.1378410946902,1,I,211,1
86.9298684201629,135.232180472973,32.3459733044729,54.58389511569,1,C,212,1
44.6929037630222,148,32.5001112185419,12.1927925444804,1,I,213,1
70.4300240521625,148,32.6244143536314,37.805609698531,1,C,214,1
57.6701008216572,138.156286831775,32.6560577377677,25.0140430838895,1,I,215,1
38.8819115461221,99.5185233727573,32.7249305788428,6.15698096727935,1,C,216,1
93.9625352510213,123.402222686531,33.2808738108724,60.6816614401489,1,I,217,1
51.7437521851194,148,33.2861539674923,18.4575982176271,1,C,218,1
43.9238196489044,73.6085693368558,33.65381534677,10.2700043021344,1,I,219,1
58.5572519125637,110.318778164306,33.683822536841,24.8734293757227,1,C,220,1
137.822781270355,110.485132767752,33.867462980561,76.6176697871913,0,I,221,1
127.622752910069,148,34.2480522347614,93.3747006753075,1,C,222,1
37.6995201921098,148,34.4092392595485,3.29028093256132,1,I,223,1
40.2300134353614,148,34.4238526886329,5.8061607467285,1,C,224,1
53.6750039578838,148,34.6770859090611,18.9979180488227,1,I,225,1
45.6034799952104,148,34.7075081663206,10.8959718288898,1,C,226,1
44.0578166676667,148,34.7554238513112,9.30239281635552,1,I,227,1
48.3306210141447,148,34.7902734298259,13.5403475843188,1,C,228,1
36.6251524164141,148,34.9115228280425,1.71362958837162,1,I,229,1
46.2871121965225,148,34.9615815794095,11.3255306171129,1,C,230,1
53.8076612237062,148,35.0300972582772,18.777563965429,1,I,231,1
61.2555032826296,148,35.1134635042399,26.1420397783897,1,C,232,1
56.4440382774969,126.278556597206,35.5935705592856,20.8504677182113,1,I,233,1
55.8806830059193,148,35.6968141393736,20.1838688665457,1,C,234,1
109.946362390589,148,35.9284139238298,74.0179484667592,1,I,235,1
46.2765326640573,148,36.1126915318891,10.1638411321681,1,C,236,1
36.3149985153421,98.6814971208967,36.1536252312362,0.161373284105842,1,I,237,1
42.8000532288263,148,36.4379537058994,6.36209952292686,1,C,238,1
46.4564438292007,148,37.4486249405891,9.00781888861159,1,I,239,1
42.1518004982133,148,37.5679829157889,4.5838175824244,1,C,240,1
76.1793659030248,148,37.7537720138207,38.4255938892041,1,I,241,1
44.5176269319199,148,37.9519769689068,6.56564996301305,1,C,242,1
61.1972845550293,148,38.0683881696314,23.1288963853979,1,I,243,1
39.7421662588876,148,38.0772548494861,1.6649114094015,1,C,244,1
40.7255816707345,148,38.2040427299216,2.52153894081285,1,I,245,1
49.7105669047227,148,38.2042835699394,11.5062833347833,1,C,246,1
45.2065992547401,148,38.334425073117,6.87217418162303,1,I,247,1
82.8468937851343,148,38.4125083684921,44.4343854166422,1,C,248,1
44.173798779119,148,38.7721444945782,5.40165428454073,1,I,249,1
45.3370560386804,148,38.9946533599868,6.34240267869351,1,C,250,1
107.720917051158,148,38.9986057300121,68.7223113211464,1,I,251,1
52.1084417335123,148,39.0247504692525,13.0836912642599,1,C,252,1
43.4167856689533,148,39.249198930338,4.16758673861529,1,I,253,1
72.084663027547,122.448787615708,39.2693715635687,32.8152914639782,1,C,254,1
45.0014435657117,148,39.4775294931605,5.52391407255115,1,I,255,1
40.2349519171026,148,39.5591491600499,0.675802757052762,1,C,256,1
41.0388471896084,94.3775694816308,39.9782180087641,1.06062918084429,1,I,257,1
41.0076311696691,148,40.0022958172485,1.00533535242055,1,C,258,1
74.0348599855869,148,40.0497196009383,33.9851403846486,1,I,259,1
46.984410434401,148,40.1542319683358,6.83017846606519,1,C,260,1
42.5809510856018,148,40.2201105374843,2.36084054811753,1,I,261,1
56.3833205635288,148,40.4204447055236,15.9628758580052,1,C,262,1
62.2924065031832,148,40.4289847007021,21.863421802481,1,I,263,1
49.545855756044,148,40.6291872495785,8.9166685064655,1,C,264,1
74.4136783725624,148,40.6565947225317,33.7570836500307,1,I,265,1
49.4623032446314,93.6897264418117,40.778433973901,8.6838692707304,1,C,266,1
126.629203667744,148,40.8089868724346,85.8202167953099,1,I,267,1
55.1478070690302,148,41.0336014349014,14.1142056341289,1,C,268,1
69.9986447654939,148,41.2295743590221,28.7690704064718,1,I,269,1
48.8291338419676,148,41.2567411083728,7.57239273359476,1,C,270,1
62.2046171807035,148,41.3157643517479,20.8888528289556,1,I,271,1
44.2590905694816,148,41.3775191409513,2.88157142853023,1,C,272,1
45.1024961663797,148,41.4409155957401,3.66158057063965,1,I,273,1
44.6331735125838,148,41.4733575191349,3.15981599344891,1,C,274,1
132.248688921037,148,41.6692200349644,90.5794688860729,1,I,275,1
58.9346735682828,148,41.6917089838535,17.2429645844293,1,C,276,1
78.7548577112795,148,41.7475176043808,37.0073401068987,1,I,277,1
43.9147463632491,148,41.8552299030125,2.05951646023656,1,C,278,1
86.2171183380558,148,41.9556220062077,44.2614963318481,1,I,279,1
48.0910337861007,148,42.0484961709008,6.04253761519998,1,C,280,1
73.283066809009,148,42.1678749378771,31.1151918711319,1,I,281,1
65.6415147830953,148,42.4193276325241,23.2221871505712,1,C,282,1
73.5741063702252,148,42.7029865328223,30.871119837403,1,I,283,1
52.9865154773418,148,42.745010368526,10.2415051088158,1,C,284,1
42.7962945574613,148,42.7787069929764,0.0175875644848966,1,I,285,1
49.7411398154258,148,43.1514637777582,6.58967603766764,1,C,286,1
50.1977102459197,148,43.3425027411431,6.85520750477662,1,I,287,1
73.2953157518024,148,43.3543785940856,29.9409371577169,1,C,288,1
61.681437956604,147.392780933336,43.4880506014451,18.1933873551588,1,I,289,1
51.5953590879034,148,43.4896692167968,8.10568987110664,1,C,290,1
86.2035883431727,148,43.5367978177965,42.6667905253763,1,I,291,1
47.065186331274,148,43.6084148241207,3.45677150715325,1,C,292,1
51.8349317819517,148,43.7591466121376,8.0757851698141,1,I,293,1
45.194430996232,148,44.2644648253918,0.929966170840204,1,C,294,1
69.179524876594,148,44.2798632895574,24.8996615870365,1,I,295,1
62.6620018743167,148,44.318452430889,18.3435494434277,1,C,296,1
79.0122661972784,148,44.3808487150818,34.6314174821966,1,I,297,1
70.0831752679382,148,44.3827711278573,25.7004041400809,1,C,298,1
78.7574035687354,148,44.4249977124855,34.3324058562499,1,I,299,1
47.3009902146166,148,44.494219799526,2.80677041509058,1,C,300,1
74.516747848881,148,44.5514393039048,29.9653085449762,1,I,301,1
89.7170940116357,148,44.6306723169982,45.0864216946375,1,C,302,1
65.4913384345893,133.970268094023,44.8976151878014,20.5937232467879,1,I,303,1
63.5403821073181,148,44.9274875922129,18.6128945151052,1,C,304,1
47.861816563014,148,45.0823781313375,2.77943843167655,1,I,305,1
61.3185674496299,148,45.1064447406679,16.212122708962,1,C,306,1
71.1225427454875,148,45.1203752076253,26.0021675378622,1,I,307,1
55.1603886086348,148,45.1365613611415,10.0238272474932,1,C,308,1
50.6505273209835,148,45.1767680468038,5.47375927417975,1,I,309,1
49.1687621532084,148,45.1800348469988,3.98872730620963,1,C,310,1
56.8287513110011,148,45.1973037794232,11.6314475315778,1,I,311,1
49.5345633934295,148,45.2514398144558,4.28312357897364,1,C,312,1
54.5964578266736,148,45.3983837971464,9.19807402952716,1,I,313,1
57.629469256957,148,45.4431613907218,12.1863078662352,1,C,314,1
48.1530400961369,148,45.6104884622619,2.54255163387501,1,I,315,1
52.4874574717525,148,45.9244216093794,6.5630358623731,1,C,316,1
55.5717952082829,148,46.7920769006014,8.77971830768152,1,I,317,1
55.3168553424757,148,46.9713771017268,8.34547824074887,1,C,318,1
77.683465545943,148,47.2322649788111,30.4512005671319,1,I,319,1
63.8745483179057,128.959010222511,47.6226940285415,16.2518542893643,1,C,320,1
51.1062232750133,148,47.8175023803487,3.28872089466452,1,I,321,1
53.475940018219,148,47.8703904431313,5.60554957508766,1,C,322,1
87.707818089053,148,47.9636182775721,39.7441998114809,1,I,323,1
48.2558236659597,148,48.2527178479359,0.00310581802387364,1,C,324,1
60.541402068932,148,48.6296936636791,11.9117084052529,1,I,325,1
50.2983275913985,148,48.7762721022591,1.52205548913942,1,C,326,1
53.2743688830315,148,48.7820404814556,4.49232840157585,1,I,327,1
70.4564647583637,148,48.9885181421414,21.4679466162223,1,C,328,1
101.729454648639,148,49.0277745528147,52.7016800958246,1,I,329,1
70.2848465703617,148,49.0674757165834,21.2173708537783,1,C,330,1
56.5695398471891,148,49.2161862552166,7.35335359197253,1,I,331,1
72.674757874705,87.0304206127231,49.4394581532106,23.2352997214944,1,C,332,1
59.7113839700401,148,49.835091130808,9.87629283923209,1,I,333,1
68.1007676988518,148,49.870230187662,18.2305375111898,1,C,334,1
77.6298481615867,148,49.9276768416166,27.7021713199701,1,I,335,1
84.0128828069127,148,50.2908213995397,33.722061407373,1,C,336,1
70.9674459783578,148,50.5499088438228,20.417537134535,1,I,337,1
71.680666902591,148,50.5724470131099,21.1082198894811,1,C,338,1
81.7814232873868,148,50.7676009321585,31.0138223552282,1,I,339,1
82.9867458870992,148,50.8860943838954,32.1006515032038,1,C,340,1
63.461855463677,148,50.8906736038625,12.5711818598144,1,I,341,1
52.5764049378095,148,50.9428100194782,1.63359491833129,1,C,342,1
53.1335199918957,148,50.9479824220762,2.18553756981956,1,I,343,1
68.2258381248542,148,51.1516921455041,17.0741459793501,1,C,344,1
75.4325516997516,148,51.4002725249156,24.0322791748359,1,I,345,1
60.6147669953593,148,51.506762066856,9.10800492850323,1,C,346,1
58.0430531777248,148,51.5093148918822,6.53373828584254,1,I,347,1
52.9983735469952,148,51.7639296827838,1.23444386421142,1,C,348,1
54.4076983559923,148,51.8224348546937,2.58526350129858,1,I,349,1
61.735071360172,148,52.0704119233415,9.66465943683052,1,C,350,1
54.8916777290939,86.0283602253102,52.1264793351293,2.76519839396462,1,I,351,1
55.5562514866069,89.0600461036525,52.4659925606102,3.0902589259967,1,C,352,1
69.2435748826184,148,52.480758051388,16.7628168312304,1,I,353,1
63.6014967560111,148,52.5127273984253,11.0887693575858,1,C,354,1
78.7993777977471,148,52.8749438235536,25.9244339741935,1,I,355,1
63.2715305787478,75.6467137006006,53.0722940806299,10.1992364981178,1,C,356,1
108.546634300371,148,53.2415877794847,55.305046520886,1,I,357,1
58.6851825793413,148,53.2624989748001,5.42268360454119,1,C,358,1
78.2807218424827,148,53.3782185753807,24.902503267102,1,I,359,1
54.2533023552783,148,53.5790279507637,0.674274404514638,1,C,360,1
75.9021084856528,148,53.9500807179138,21.952027767739,1,I,361,1
66.9440403295774,148,53.9768371032551,12.9672032263223,1,C,362,1
69.0141362682572,148,54.1472495300695,14.8668867381877,1,I,363,1
64.400592794824,148,54.2502644937486,10.1503283010754,1,C,364,1
69.6800184418348,148,54.3149751611054,15.3650432807294,1,I,365,1
63.0778875670173,148,54.4284607283771,8.6494268386402,1,C,366,1
61.7958316227167,148,54.439010610804,7.35682101191274,1,I,367,1
87.5695711529881,148,54.5503613771871,33.019209775801,1,C,368,1
81.4441531981607,148,54.6643350739032,26.7798181242575,1,I,369,1
55.9462203482827,148,55.0064929295331,0.939727418749604,1,C,370,1
69.5979402192524,148,55.2996969781816,14.2982432410708,1,I,371,1
81.5776290375387,148,55.3326873108745,26.2449417266642,1,C,372,1
89.8290989128625,148,55.3813572973013,34.4477416155612,1,I,373,1
65.1155667395384,148,55.5682197213173,9.54734701822107,1,C,374,1
58.5360836583838,89.2670637464038,55.7924016844481,2.74368197393562,1,I,375,1
61.3884392921402,148,55.9178133029491,5.47062598919109,1,C,376,1
90.7650867678707,148,56.0620500007644,34.7030367671063,1,I,377,1
80.6681182972893,148,56.1654946533963,24.5026236438929,1,C,378,1
95.8081024639675,148,56.2702889787033,39.5378134852642,1,I,379,1
66.8378242608893,148,56.4207389485091,10.4170853123802,1,C,380,1
59.7339544713255,148,56.5706642111763,3.16329026014916,1,I,381,1
84.0476381636903,148,56.7664245609194,27.2812136027709,1,C,382,1
65.3699506374677,148,56.7933450452983,8.5766055921694,1,I,383,1
82.2230779093397,148,56.8115438334644,25.4115340758754,1,C,384,1
115.313256961842,148,57.1993339108303,58.1139230510112,1,I,385,1
61.1914402784057,148,57.3990953154862,3.7923449629195,1,C,386,1
81.1618429054137,148,57.8073692275211,23.3544736778926,1,I,387,1
66.707578621206,148,57.8646692913026,8.84290932990346,1,C,388,1
79.0141572087467,148,58.0614528851584,20.9527043235884,1,I,389,1
63.7820790569788,148,58.1642664270476,5.61781262993122,1,C,390,1
66.4405867574185,148,58.347971434705,8.09261532271349,1,I,391,1
78.2754270001486,148,58.3900491241366,19.885377876012,1,C,392,1
99.325367852493,148,58.4619106026366,40.8634572498564,1,I,393,1
58.9401115738613,148,58.4751371759921,0.464974397869176,1,C,394,1
78.0488312867842,148,58.6029432481155,19.4458880386687,1,I,395,1
76.2509451899284,148,58.7745645781979,17.4763806117305,1,C,396,1
105.930185108193,148,58.7977844523266,47.132400655866,1,I,397,1
106.820729515624,148,58.8032427243888,48.017486791235,1,C,398,1
65.8514795759869,66.3435350648374,58.804666926153,7.04681264983385,1,I,399,1
61.328651903711,148,59.2696970561519,2.05895484755904,1,C,400,1
122.166167299824,148,59.3459130031988,62.8202542966248,1,I,401,1
62.8510797898209,148,59.745613206178,3.10546658364294,1,C,402,1
132.19248238024,148,59.7986350534484,72.3938473267917,1,I,403,1
75.0628394117402,148,59.8516274243593,15.2112119873808,1,C,404,1
60.9040859406168,148,60.1066300878301,0.79745585278664,1,I,405,1
73.309269480684,148,60.226824786514,13.08244469417,1,C,406,1
66.6759144131728,148,60.2933938847855,6.38252052838729,1,I,407,1
73.374862130562,148,60.3046900825575,13.0701720480045,1,C,408,1
88.3112405853958,120.596450655656,60.4156306711957,27.8956099142001,1,I,409,1
63.5922552721282,148,60.4195675812662,3.17268769086202,1,C,410,1
69.6391459118875,148,60.6735473731533,8.96559853873418,1,I,411,1
68.1507620078339,148,61.274609901011,6.87615210682288,1,C,412,1
62.4244895473882,148,61.2862279172987,1.13826163008948,1,I,413,1
78.9110608511519,148,61.3825315143913,17.5285293367606,1,C,414,1
130.585144698284,148,61.4656180376187,69.1195266606649,1,I,415,1
62.7588752540933,148,61.5453071659431,1.21356808815019,1,C,416,1
70.9353417308059,148,61.7111078696325,9.22423386117339,1,I,417,1
71.211520842043,148,61.8023747811094,9.40914606093359,1,C,418,1
90.0212480696013,148,62.0188230648637,28.0024250047376,1,I,419,1
82.16012181084,148,62.0567334350199,20.1033883758201,1,C,420,1
107.771163172976,148,62.17244961299,45.5987135599855,1,I,421,1
68.0384085825101,148,62.421490624547,5.61691795796309,1,C,422,1
107.087797000521,148,62.5450973166153,44.5426996839058,1,I,423,1
75.2135604172141,148,62.7119707642123,12.5015896530018,1,C,424,1
117.05267582734,136.221434363887,62.7248133067042,54.3278625206355,1,I,425,1
80.156550866597,148,62.8378107910976,17.3187400754994,1,C,426,1
70.1206212491667,148,62.9777051042765,7.1429161448902,1,I,427,1
81.0741639332526,148,62.9877700936049,18.0863938396477,1,C,428,1
64.3353729158949,148,63.0104673793539,1.32490553654098,1,I,429,1
69.7962177561259,148,63.5059607680887,6.29025698803721,1,C,430,1
72.4960155236,148,63.6468314565718,8.84918406702815,1,I,431,1
75.4811968817112,148,64.1828800318763,11.2983168498349,1,C,432,1
110.163687170405,148,64.7648536600173,45.3988335103874,1,I,433,1
65.5907067738286,148,64.8917409591377,0.698965814690917,1,C,434,1
81.4396167481644,148,65.2759711025283,16.1636456456362,1,I,435,1
75.9192229356423,148,65.283640823327,10.6355821123152,1,C,436,1
66.6274880073242,148,65.3103588614613,1.31712914586294,1,I,437,1
72.4102343577025,148,65.3691938146949,7.04104054300764,1,C,438,1
87.0079976611939,148,65.3911244822666,21.6168731789273,1,I,439,1
75.112189084448,148,65.4758911812678,9.63629790318015,1,C,440,1
102.808890030688,148,65.5632493784651,37.2456406522233,1,I,441,1
93.1052218508834,148,65.9604479791597,27.1447738717237,1,C,442,1
89.1363155798478,148,66.4073833962902,22.7289321835576,1,I,443,1
67.720117429172,148,66.4972096448764,1.22290778429556,1,C,444,1
79.2199872118832,148,66.5123136946932,12.70767351719,1,I,445,1
70.8471548535082,148,66.7332491604611,4.1139056930471,1,C,446,1
82.1183748749663,148,66.7734581278637,15.3449167471026,1,I,447,1
88.7894407660985,148,66.7826543794945,22.006786386604,1,C,448,1
81.0698289696732,148,66.8986024567857,14.1712265128875,1,I,449,1
105.704728362607,148,66.9273991603404,38.7773292022664,1,C,450,1
82.2179453665041,148,67.0799491228536,15.1379962436505,1,I,451,1
82.0356617406311,148,67.5585070159286,14.4771547247025,1,C,452,1
71.5870215111978,148,67.570778215304,4.0162432958938,1,I,453,1
80.6945836271467,148,67.5801263656467,13.1144572614999,1,C,454,1
114.599977896619,148,67.6188861485571,46.9810917480617,1,I,455,1
69.1655917143849,148,67.6660386379808,1.49955307640411,1,C,456,1
84.9995340480003,148,67.9042677395046,17.0952663084957,1,I,457,1
69.0894165573057,116.085294607029,67.9900117916986,1.09940476560706,1,C,458,1
76.9862087370061,148,68.2333289645612,8.75287977244488,1,I,459,1
89.5033715183064,148,68.2552889687941,21.2480825495124,1,C,460,1
106.641860340811,148,68.3412910904735,38.3005692503375,1,I,461,1
83.6823937616686,126.325070471303,68.3612619526684,15.3211318090002,1,C,462,1
122.93495938528,148,68.4381829807535,54.4967764045267,1,I,463,1
94.1850834353363,148,68.6811812687665,25.5039021665698,1,C,464,1
114.756048703644,148,69.2552567459643,45.5007919576797,1,I,465,1
69.8164622398382,148,69.2939792759717,0.522482963866571,1,C,466,1
114.671777355708,148,69.5867161499336,45.0850612057747,1,I,467,1
84.509829821762,148,69.9297274230048,14.5801023987572,1,C,468,1
78.3337705048007,148,70.0040793046355,8.32969120016512,1,I,469,1
81.4368707780118,148,70.0362221803516,11.4006485976602,1,C,470,1
76.9272008303694,148,70.0376281049103,6.88957272545916,1,I,471,1
72.0144536375579,111.457445318651,70.1497613219544,1.86469231560348,1,C,472,1
72.7169142825992,148,70.2436715830118,2.47324269958745,1,I,473,1
88.9065353933642,148,70.4145893687382,18.491946024626,1,C,474,1
92.1129239229387,148,70.5222310265526,21.5906928963861,1,I,475,1
87.9232608122557,148,70.5483919940889,17.3748688181668,1,C,476,1
101.281613491149,148,70.7908628741279,30.4907506170213,1,I,477,1
73.702310790776,148,70.8554410841316,2.84686970664437,1,C,478,1
73.8251613263666,148,70.8559058606625,2.96925546570411,1,I,479,1
73.646419175932,148,70.9077500505373,2.73866912539471,1,C,480,1
77.4440623415756,148,70.9167207125574,6.52734162901817,1,I,481,1
107.879072987576,148,70.9455403964967,36.933532591079,1,C,482,1
71.4614236073531,148,71.0620258701965,0.399397737156581,1,I,483,1
72.358842645024,148,71.4999324409291,0.85891020409483,1,C,484,1
106.222385509881,79.5582303718661,71.5423074550927,8.01592291677346,0,I,485,1
72.4141857585726,148,71.7043543001637,0.709831458408901,1,C,486,1
130.914986443388,148,71.7276643728837,59.1873220705047,1,I,487,1
77.0410635758687,125.618741638929,71.8418842647225,5.19917931114624,1,C,488,1
100.56948859474,148,72.0489267958328,28.5205617989071,1,I,489,1
78.5113672914168,148,72.1604158170521,6.35095147436471,1,C,490,1
76.3336594017481,148,72.1864921739325,4.14716722781562,1,I,491,1
77.7207613406773,148,72.4361224798486,5.28463886082874,1,C,492,1
73.9599005811728,148,72.635834151879,1.32406642929385,1,I,493,1
77.8873616116156,147.285561475036,72.9361413279548,4.95122028366074,1,C,494,1
77.1425634207541,148,72.9623910505325,4.18017237022166,1,I,495,1
82.4620412894175,148,72.9876026045531,9.4744386848644,1,C,496,1
89.9946119454227,148,73.0154087999836,16.9792031454392,1,I,497,1
80.2229042651865,148,73.6386250006035,6.58427926458297,1,C,498,1
108.392076101979,148,73.7350890412927,34.6569870606861,1,I,499,1
80.6293886257807,148,73.7564268056303,6.87296182015033,1,C,500,1
74.3789283319226,148,73.7999730044976,0.57895532742496,1,I,501,1
74.0195705867454,148,74.0139580797404,0.00561250700497018,1,C,502,1
84.723521849322,148,74.1750311339274,10.5484907153945,1,I,503,1
80.0092279732027,148,74.2592100752518,5.75001789795096,1,C,504,1
74.9590103584079,148,74.280431563966,0.678578794441935,1,I,505,1
98.0731224266143,148,74.3447487475351,23.7283736790792,1,C,506,1
123.692385263537,148,74.69771085307,48.994674410467,1,I,507,1
78.3318401394136,148,74.795998679474,3.53584145993954,1,C,508,1
79.1518161726982,148,74.8550046700984,4.29681150259981,1,I,509,1
109.094793116299,148,75.1477875979617,33.9470055183377,1,C,510,1
95.8675496699043,148,75.1954279374331,20.6721217324712,1,I,511,1
84.6960275424702,148,75.3271908499301,9.36883669254017,1,C,512,1
89.0747955251676,148,75.363587285392,13.7112082397756,1,I,513,1
115.185536442099,148,75.3670709906146,39.8184654514844,1,C,514,1
79.0771698461542,148,75.4185579717159,3.65861187443826,1,I,515,1
84.4070589299724,96.53285587831,75.6339217303321,8.77313719964037,1,C,516,1
108.856304483716,148,75.7567508844659,33.0995535992503,1,I,517,1
87.220828105378,148,75.7623418467119,11.4584862586661,1,C,518,1
76.0874531671673,148,75.8439183467999,0.243534820367418,1,I,519,1
107.204343286065,148,76.0006060590968,31.2037372269681,1,C,520,1
121.648839453716,148,76.1110803345218,45.5377591191939,1,I,521,1
86.154736413802,148,76.6483304556459,9.5064059581561,1,C,522,1
127.262438078077,148,76.7356447409838,50.5267933370936,1,I,523,1
86.16302399272,148,76.7867915797979,9.37623241292211,1,C,524,1
131.73977327242,148,76.9055776298046,54.8341956426159,1,I,525,1
80.1769715848833,148,77.0281724631786,3.14879912170468,1,C,526,1
80.370975135436,148,77.3448296356946,3.02614549974133,1,I,527,1
89.843008190331,148,77.7425895445049,12.1004186458261,1,C,528,1
144.54508672322,148,77.8163980226964,66.7286887005231,1,I,529,1
109.003912072231,130.880905164633,77.9768962878734,31.027015784358,1,C,530,1
92.7529288788,148,78.1159362057224,14.6369926730776,1,I,531,1
102.055655058893,148,78.1279472401366,23.927707818756,1,C,532,1
83.2199546199609,148,78.1801463570446,5.03980826291637,1,I,533,1
83.3076098165488,148,78.2493553357199,5.05825448082891,1,C,534,1
150.8590707742,148,78.3114427700639,69.6885572299361,0,I,535,1
84.0560813922458,148,78.401630022563,5.65445136968275,1,C,536,1
84.3380897950823,148,78.9024999830872,5.43558981199515,1,I,537,1
81.9255577687741,148,78.9173081982881,3.00824957048598,1,C,538,1
80.8871480918676,148,78.9788208669052,1.9083272249624,1,I,539,1
86.7506018410899,148,79.0280574467033,7.7225443943866,1,C,540,1
82.1651078027628,146.308061005664,79.1740782093257,2.99102959343711,1,I,541,1
105.701996871634,148,79.2289807694033,26.4730161022309,1,C,542,1
97.6267873394054,148,79.6250356128439,18.0017517265615,1,I,543,1
86.7923386398654,148,79.6513075940311,7.14103104583425,1,C,544,1
84.4860841152766,148,79.7822300810367,4.70385403423986,1,I,545,1
80.0818610076542,148,79.8396116821095,0.24224932554469,1,C,546,1
97.9238291416267,98.9448644164279,79.9368790816516,17.9869500599751,1,I,547,1
87.9023988371131,148,79.9551458330825,7.94725300403058,1,C,548,1
94.3261414888231,148,79.9602253828198,14.3659161060033,1,I,549,1
84.7040027064354,148,80.3827471798286,4.32125552660678,1,C,550,1
158.509045577226,148,80.4063905728981,67.5936094271019,0,I,551,1
95.481749463141,148,80.8860080316663,14.5957414314747,1,C,552,1
93.5003430107509,147.154605784649,81.0558806173503,12.4444623934006,1,I,553,1
89.9439942899313,148,81.1021263478324,8.84186794209895,1,C,554,1
86.380586752015,148,81.210856535472,5.16973021654308,1,I,555,1
89.3736406633543,148,81.25353557989,8.12010508346429,1,C,556,1
109.821931196696,148,81.4482112647966,28.3737199318992,1,I,557,1
102.578006868568,148,81.79722703062,20.7807798379485,1,C,558,1
156.688865353628,148,81.8249320844188,66.1750679155812,0,I,559,1
88.8406701812941,148,82.1006117854267,6.74005839586733,1,C,560,1
97.2935079799734,148,82.2882154257968,15.0052925541766,1,I,561,1
85.1792621725731,148,82.3145048459992,2.86475732657386,1,C,562,1
107.615813160859,148,82.3836276307702,25.2321855300893,1,I,563,1
109.82351807834,148,82.4594532139599,27.3640648643802,1,C,564,1
129.464214607502,148,82.4960417114198,46.9681728960819,1,I,565,1
88.9616781539077,148,82.6856622938067,6.27601586010104,1,C,566,1
107.837460583419,148,82.8016794519499,25.0357811314689,1,I,567,1
96.9269872374982,148,83.2934070145711,13.6335802229271,1,C,568,1
121.262681633028,148,83.3115701563656,37.9511114766628,1,I,569,1
99.0984941448425,148,83.4283872740343,15.6701068708082,1,C,570,1
134.208734484584,148,84.1852471698076,50.0234873147761,1,I,571,1
118.407853075249,148,84.4244525535032,33.9834005217456,1,C,572,1
85.3973359185417,148,84.6001906087622,0.797145309779511,1,I,573,1
89.476699189955,148,84.862077748403,4.61462144155201,1,C,574,1
120.064055007519,148,85.3011627215892,34.7628922859299,1,I,575,1
93.5075512718093,111.783748467839,85.4526084382087,8.0549428336006,1,C,576,1
96.2846041336608,148,85.8862333931029,10.3983707405579,1,I,577,1
86.3882844345079,148,86.1882076365873,0.200076797920568,1,C,578,1
92.8664416111126,148,86.4422912709415,6.42415034017114,1,I,579,1
104.527556692069,148,86.5045855054632,18.022971186606,1,C,580,1
93.3316772996742,148,86.5830420516431,6.74863524803103,1,I,581,1
100.240576028213,148,86.6582203656435,13.5823556625695,1,C,582,1
91.1452671361383,148,86.7876401403919,4.35762699574639,1,I,583,1
100.063238995524,148,87.1980417519808,12.8651972435435,1,C,584,1
87.7621908830444,128.748913544104,87.2733761556447,0.488814727399708,1,I,585,1
92.0729486791875,148,87.3658655676991,4.70708311148843,1,C,586,1
151.609299932928,148,87.4452204443514,60.5547795556486,0,I,587,1
97.8661566302066,148,87.4590380815789,10.4071185486277,1,C,588,1
97.9006639534821,148,87.5404211692512,10.3602427842308,1,I,589,1
97.5352910331989,148,87.7668630797416,9.76842795345732,1,C,590,1
90.6225343484522,148,87.7729647792876,2.84956956916458,1,I,591,1
95.5361458002759,148,88.0368652986363,7.49928050163962,1,C,592,1
110.351008572003,148,88.38443425484,21.9665743171631,1,I,593,1
119.128468269736,128.743208571068,88.4662134805694,30.6622547891662,1,C,594,1
119.350371135412,148,88.9463844243437,30.4039867110679,1,I,595,1
103.663687635819,148,89.1592901432887,14.5043974925307,1,C,596,1
175.211553183123,148,89.4571089884266,58.5428910115734,0,I,597,1
92.9537291623197,148,89.4896612269804,3.46406793533932,1,C,598,1
104.665721744769,148,89.8897401057184,14.7759816390511,1,I,599,1
93.2940148287535,112.630036346446,90.0236684363335,3.27034639241999,1,C,600,1
97.1553874474368,148,90.4942027991638,6.66118464827302,1,I,601,1
96.6552015927403,148,90.579950530082,6.07525106265829,1,C,602,1
97.1880006521661,148,90.724870795384,6.46312985678206,1,I,603,1
100.484651274724,148,90.8650001976639,9.61965107706013,1,C,604,1
114.539465918201,148,91.0777955781668,23.4616703400346,1,I,605,1
98.4790703220802,148,91.307404381223,7.17166594085712,1,C,606,1
93.9751594693414,148,91.3081696722656,2.66698979707579,1,I,607,1
95.7037550996872,148,91.3779326947406,4.32582240494659,1,C,608,1
93.004086033217,148,91.5813421597704,1.42274387344662,1,I,609,1
95.9184935436912,148,91.8371860403568,4.08130750333445,1,C,610,1
96.7061060225221,148,91.8584289262071,4.84767709631493,1,I,611,1
95.2733153011711,148,92.0645985053852,3.20871679578584,1,C,612,1
106.004243551791,148,92.3290776321664,13.6751659196244,1,I,613,1
104.797439990278,148,92.4491280689836,12.3483119212947,1,C,614,1
137.700534003164,148,92.4787286901847,45.2218053129797,1,I,615,1
93.6226945930842,148,92.6092510577291,1.01344353535511,1,C,616,1
116.142364008858,95.4273790073452,92.7110987482592,2.71628025908596,0,I,617,1
119.454219400586,148,92.9275523405522,26.5266670600336,1,C,618,1
122.185485108078,148,93.4373842319474,28.7481008761305,1,I,619,1
129.210987765544,148,93.5046811588109,35.7063066067333,1,C,620,1
102.452737364198,148,93.5536399483681,8.89909741582943,1,I,621,1
95.5896518511262,148,94.1230794414878,1.46657240963844,1,C,622,1
108.797289682477,148,94.1612059483305,14.6360837341465,1,I,623,1
108.580200076915,137.441918817733,94.7812644066289,13.7989356702864,1,C,624,1
99.0127237798869,148,95.1336983125657,3.87902546732122,1,I,625,1
106.359399870919,148,95.2269799308851,11.1324199400338,1,C,626,1
113.807530290214,148,95.5364738358185,18.2710564543954,1,I,627,1
97.7814847101524,148,95.8868502639234,1.89463444622903,1,C,628,1
165.723507347391,148,96.0216506384313,51.9783493615687,0,I,629,1
98.9074714187316,148,96.1333874845877,2.77408393414383,1,C,630,1
97.3767772393676,148,96.201809332706,1.17496790666153,1,I,631,1
101.094340179136,148,96.3918472873047,4.7024928918315,1,C,632,1
109.173106182839,148,96.4722521603107,12.7008540225283,1,I,633,1
112.556207630366,148,96.5769312810153,15.979276349351,1,C,634,1
113.317227484267,148,96.6296528233215,16.6875746609452,1,I,635,1
108.780045803249,127.414546891567,96.6668946435675,12.1131511596812,1,C,636,1
102.661065664586,148,97.0312325982377,5.62983306634833,1,I,637,1
110.350474039835,148,97.0804741838947,13.2699998559405,1,C,638,1
109.494412256799,148,97.1475851489231,12.3468271078758,1,I,639,1
106.52018018606,148,97.1681162482128,9.35206393784684,1,C,640,1
114.041104855895,148,97.184636304155,16.8564685517399,1,I,641,1
100.388842822605,148,97.2320013446733,3.15684147793213,1,C,642,1
97.8517225917032,148,97.4371807649732,0.414541826729981,1,I,643,1
112.118268993924,148,97.46734125074,14.6509277431839,1,C,644,1
105.602870924734,148,97.5804229266942,8.02244799804023,1,I,645,1
97.6335248247763,148,97.6304814917967,0.00304333297963288,1,C,646,1
98.1580799843185,148,97.7301040897146,0.427975894603921,1,I,647,1
99.4089979374475,148,98.1142014963552,1.29479644109226,1,C,648,1
119.046984174748,148,98.1158613227308,20.9311228520169,1,I,649,1
110.27556521411,148,98.5608431743458,11.7147220397638,1,C,650,1
123.015717918472,148,98.5946821747348,24.4210357437373,1,I,651,1
101.752078981297,148,98.9971806760877,2.75489830520973,1,C,652,1
104.959875525053,148,99.2252365685999,5.73463895645287,1,I,653,1
153.16044514289,148,99.4023226434365,48.5976773565635,0,C,654,1
138.709493750576,148,99.543249909766,39.16624384081,1,I,655,1
104.681757072355,139.461524235211,99.8191007878631,4.86265628449153,1,C,656,1
126.962310294689,148,99.8420551186427,27.1202551760466,1,I,657,1
100.690037941136,148,99.9584750272334,0.731562913902736,1,C,658,1
